Designator,Mid X,Mid Y,Layer,Rotation
U1,14.000mm,14.000mm,Top,0.0
J2,52.000mm,5.400mm,Top,90.0
ESD1,57.000mm,12.000mm,Top,0.0
F1,45.000mm,5.000mm,Top,0.0
TVS1,45.000mm,8.000mm,Top,0.0
U2,15.000mm,49.000mm,Top,0.0
U3,3.000mm,49.000mm,Top,0.0
Q1,6.000mm,52.000mm,Top,0.0
U4,23.000mm,49.000mm,Top,0.0
U20,29.000mm,50.000mm,Top,0.0
U5,38.000mm,50.000mm,Top,0.0
U6,50.000mm,50.000mm,Top,0.0
U7,59.000mm,52.000mm,Top,0.0
U8,68.000mm,52.000mm,Top,0.0
U9,74.000mm,52.000mm,Top,0.0
U10,81.000mm,50.000mm,Top,0.0
MOD1,16.000mm,33.000mm,Bottom,180.0
U11,31.000mm,32.000mm,Top,0.0
U12,25.000mm,20.000mm,Top,0.0
U13,31.000mm,21.000mm,Top,0.0
U14,46.000mm,30.000mm,Top,0.0
U15,45.000mm,15.000mm,Top,0.0
U16,52.000mm,15.000mm,Top,0.0
J1,67.500mm,30.000mm,Top,0.0
U17,80.000mm,32.000mm,Top,0.0
U18,68.000mm,11.000mm,Top,0.0
U19,76.000mm,11.000mm,Top,0.0
BZ1,85.000mm,7.000mm,Top,0.0
Q2,79.000mm,5.000mm,Bottom,180.0
D2,79.000mm,9.000mm,Bottom,180.0
U21,78.000mm,18.000mm,Bottom,180.0
J4,82.500mm,18.000mm,Top,0.0
U22,22.000mm,8.000mm,Bottom,180.0
J12,32.000mm,8.500mm,Top,0.0
ESD2,41.000mm,7.000mm,Top,0.0
ESD3,41.000mm,9.500mm,Top,0.0
ESD4,73.000mm,55.000mm,Top,0.0
R1,45.100mm,2.000mm,Bottom,180.0
R2,45.950mm,3.000mm,Bottom,180.0
R3,46.300mm,5.500mm,Bottom,180.0
R4,26.000mm,43.000mm,Top,0.0
R5,47.650mm,6.500mm,Bottom,180.0
R6,79.500mm,3.500mm,Top,0.0
R7,79.700mm,6.000mm,Top,0.0
R8,74.000mm,20.000mm,Bottom,180.0
R9,76.500mm,37.000mm,Top,0.0
R10,36.000mm,23.500mm,Top,0.0
R11,36.000mm,25.200mm,Top,0.0
R12,33.500mm,23.900mm,Top,0.0
R13,39.000mm,25.000mm,Bottom,180.0
R14,64.000mm,16.000mm,Top,0.0
R15,66.000mm,16.000mm,Top,0.0
R16,75.500mm,22.500mm,Bottom,180.0
R18,34.000mm,18.000mm,Top,0.0
R20,44.000mm,41.000mm,Top,0.0
R21,44.000mm,40.000mm,Top,0.0
R22,33.500mm,44.500mm,Top,0.0
R23,33.500mm,45.500mm,Top,0.0
R24,46.000mm,39.500mm,Top,0.0
R25,23.500mm,24.500mm,Top,0.0
R26,29.000mm,23.000mm,Top,0.0
R27,24.500mm,25.500mm,Top,0.0
R28,56.500mm,1.500mm,Bottom,180.0
R29,56.850mm,2.500mm,Bottom,180.0
R30,41.500mm,3.500mm,Top,0.0
R31,46.600mm,3.000mm,Top,0.0
R32,43.000mm,6.600mm,Top,0.0
R33,45.100mm,6.600mm,Top,0.0
R34,43.000mm,9.200mm,Top,0.0
R35,45.100mm,9.200mm,Top,0.0
R36,24.500mm,3.500mm,Bottom,180.0
R37,29.000mm,4.000mm,Bottom,180.0
R38,30.000mm,5.000mm,Bottom,180.0
R39,32.500mm,4.500mm,Bottom,180.0
R40,59.200mm,2.000mm,Bottom,180.0
R41,61.550mm,2.000mm,Bottom,180.0
R42,10.500mm,40.500mm,Top,0.0
R43,11.000mm,42.500mm,Top,0.0
R44,13.500mm,42.500mm,Top,0.0
R45,15.500mm,42.000mm,Top,0.0
R46,18.000mm,42.000mm,Top,0.0
R47,7.500mm,45.700mm,Top,0.0
R48,28.700mm,43.500mm,Top,0.0
R49,37.000mm,40.500mm,Top,0.0
R50,71.000mm,44.000mm,Top,0.0
R51,48.500mm,39.500mm,Top,0.0
R52,55.500mm,42.500mm,Top,0.0
R53,35.500mm,36.600mm,Top,0.0
R54,63.900mm,2.000mm,Bottom,180.0
R55,21.500mm,43.500mm,Top,0.0
R56,2.000mm,44.500mm,Top,0.0
R57,2.500mm,45.500mm,Top,0.0
R58,56.000mm,39.000mm,Top,0.0
R59,21.000mm,24.000mm,Top,0.0
R60,28.800mm,18.000mm,Top,0.0
R61,29.600mm,19.000mm,Top,0.0
R62,66.250mm,2.000mm,Bottom,180.0
R63,68.600mm,2.000mm,Bottom,180.0
R64,23.500mm,20.500mm,Bottom,180.0
R65,32.800mm,22.000mm,Bottom,180.0
R66,33.100mm,23.500mm,Bottom,180.0
R67,33.000mm,24.600mm,Bottom,180.0
R68,32.800mm,25.600mm,Bottom,180.0
R69,33.100mm,26.600mm,Bottom,180.0
R70,70.950mm,2.000mm,Bottom,180.0
R71,73.300mm,2.000mm,Bottom,180.0
R72,75.650mm,2.000mm,Bottom,180.0
R73,74.500mm,5.500mm,Bottom,180.0
R74,83.850mm,5.000mm,Bottom,180.0
R75,84.700mm,1.500mm,Bottom,180.0
R76,86.050mm,2.500mm,Bottom,180.0
R77,32.000mm,3.150mm,Bottom,180.0
R78,34.350mm,3.150mm,Bottom,180.0
R79,35.700mm,4.150mm,Bottom,180.0
R80,38.050mm,4.150mm,Bottom,180.0
R81,40.400mm,4.150mm,Bottom,180.0
R82,42.750mm,4.150mm,Bottom,180.0
R83,45.100mm,4.150mm,Bottom,180.0
R84,47.450mm,4.150mm,Bottom,180.0
R85,47.800mm,2.150mm,Bottom,180.0
R86,47.650mm,8.650mm,Bottom,180.0
R87,56.500mm,3.650mm,Bottom,180.0
R88,56.850mm,4.650mm,Bottom,180.0
R89,59.200mm,4.150mm,Bottom,180.0
R90,61.550mm,4.150mm,Bottom,180.0
R91,63.900mm,4.150mm,Bottom,180.0
R92,66.250mm,4.150mm,Bottom,180.0
R93,68.600mm,4.150mm,Bottom,180.0
R94,70.950mm,4.150mm,Bottom,180.0
R95,20.000mm,11.000mm,Bottom,180.0
R96,22.300mm,10.500mm,Bottom,180.0
R97,23.100mm,11.500mm,Bottom,180.0
R98,25.400mm,11.000mm,Bottom,180.0
R99,19.500mm,18.500mm,Bottom,180.0
R100,21.800mm,19.000mm,Bottom,180.0
R101,82.000mm,4.000mm,Bottom,180.0
R103,35.000mm,27.000mm,Top,0.0
R104,13.500mm,22.500mm,Top,0.0
C1,72.300mm,3.150mm,Bottom,180.0
C2,30.400mm,45.000mm,Top,0.0
C3,26.500mm,45.700mm,Top,0.0
C4,24.000mm,26.500mm,Top,0.0
C5,27.000mm,27.000mm,Top,0.0
C6,37.500mm,38.500mm,Bottom,180.0
C7,23.500mm,27.500mm,Top,0.0
C8,36.000mm,37.800mm,Top,0.0
C9,40.000mm,24.000mm,Bottom,180.0
C10,43.000mm,25.000mm,Bottom,180.0
C11,46.000mm,24.000mm,Bottom,180.0
C12,39.000mm,27.000mm,Bottom,180.0
C15,35.800mm,18.000mm,Top,0.0
C16,37.600mm,18.000mm,Top,0.0
C17,81.400mm,2.000mm,Top,0.0
C18,75.150mm,3.650mm,Bottom,180.0
C19,80.000mm,2.150mm,Bottom,180.0
C20,76.000mm,24.000mm,Bottom,180.0
C21,79.000mm,23.000mm,Bottom,180.0
C22,27.000mm,25.000mm,Top,0.0
C23,28.200mm,47.200mm,Top,0.0
C24,26.000mm,7.000mm,Bottom,180.0
C25,26.000mm,5.000mm,Bottom,180.0
C26,30.000mm,7.000mm,Bottom,180.0
C27,33.500mm,5.500mm,Bottom,180.0
C28,10.500mm,45.200mm,Top,0.0
C29,14.500mm,43.700mm,Top,0.0
C30,17.500mm,43.200mm,Top,0.0
C31,18.500mm,44.700mm,Top,0.0
C32,8.000mm,47.400mm,Top,0.0
C33,8.500mm,49.400mm,Top,0.0
C34,14.500mm,45.400mm,Top,0.0
C35,42.000mm,41.000mm,Top,0.0
C36,32.000mm,47.000mm,Top,0.0
C37,39.000mm,42.000mm,Top,0.0
C38,34.000mm,49.000mm,Top,0.0
C39,42.500mm,44.000mm,Top,0.0
C40,58.500mm,40.500mm,Top,0.0
C41,43.500mm,45.400mm,Top,0.0
C42,44.000mm,42.400mm,Top,0.0
C43,51.000mm,46.900mm,Top,0.0
C44,53.000mm,46.900mm,Top,0.0
C45,52.500mm,43.400mm,Top,0.0
C46,59.000mm,42.400mm,Top,0.0
C47,44.000mm,47.300mm,Top,0.0
C48,48.000mm,45.800mm,Top,0.0
C49,52.000mm,45.300mm,Top,0.0
C50,48.000mm,43.800mm,Top,0.0
C51,73.500mm,42.500mm,Top,0.0
C52,77.500mm,41.500mm,Top,0.0
C53,80.700mm,38.000mm,Top,0.0
C54,81.400mm,39.500mm,Top,0.0
C55,77.000mm,39.300mm,Top,0.0
C56,81.700mm,41.800mm,Top,0.0
C57,25.000mm,28.500mm,Top,0.0
C58,24.000mm,30.000mm,Top,0.0
C59,25.000mm,33.000mm,Top,0.0
C60,23.500mm,31.500mm,Top,0.0
C61,22.000mm,45.000mm,Top,0.0
C62,25.000mm,44.000mm,Top,0.0
C63,82.850mm,1.650mm,Bottom,180.0
C64,72.000mm,45.000mm,Top,0.0
C65,74.000mm,45.000mm,Top,0.0
C66,74.500mm,46.500mm,Top,0.0
C67,5.500mm,44.500mm,Top,0.0
C68,41.500mm,26.500mm,Bottom,180.0
C69,42.500mm,27.500mm,Bottom,180.0
C70,45.000mm,27.000mm,Bottom,180.0
C71,39.000mm,29.000mm,Bottom,180.0
C72,41.000mm,29.000mm,Bottom,180.0
C73,43.000mm,29.000mm,Bottom,180.0
C74,69.500mm,46.500mm,Bottom,180.0
C75,68.500mm,42.500mm,Bottom,180.0
C77,84.200mm,2.650mm,Bottom,180.0
C78,20.000mm,12.800mm,Bottom,180.0
C79,21.800mm,12.800mm,Bottom,180.0
C80,23.600mm,12.800mm,Bottom,180.0
C81,25.400mm,12.800mm,Bottom,180.0
C82,83.800mm,4.000mm,Bottom,180.0
Y1,34.000mm,42.000mm,Top,0.0
Y2,36.000mm,21.000mm,Top,0.0
L1,24.000mm,53.000mm,Top,0.0
L2,38.000mm,45.500mm,Top,0.0
L3,58.000mm,47.000mm,Top,0.0
L4,81.000mm,35.000mm,Top,0.0
L5,78.000mm,45.000mm,Top,0.0
D1,86.000mm,39.000mm,Top,0.0
FB1,27.000mm,38.000mm,Top,0.0
FB2,47.000mm,41.000mm,Top,0.0
FB3,51.000mm,41.000mm,Top,0.0
FB4,55.000mm,41.000mm,Top,0.0
