pin,function,net,pad_x_mm,pad_y_mm,card_present_logic,source_evidence
1,DAT2,SD_DAT2,99.075,4.450,n/a,"SOFNG TF-001A-P3 drawing, vertical-view land pattern, P1-P8 at 0.80 mm pitch"
2,DAT3,SD_DAT3,99.875,4.450,n/a,"SOFNG TF-001A-P3 drawing, vertical-view land pattern, P1-P8 at 0.80 mm pitch"
3,CMD,SD_CMD,100.675,4.450,n/a,"SOFNG TF-001A-P3 drawing, vertical-view land pattern, P1-P8 at 0.80 mm pitch"
4,VDD,3V3_SD,101.475,4.450,n/a,"SOFNG TF-001A-P3 drawing, vertical-view land pattern, P1-P8 at 0.80 mm pitch"
5,CLK,SD_CLK,102.275,4.450,n/a,"SOFNG TF-001A-P3 drawing, vertical-view land pattern, P1-P8 at 0.80 mm pitch"
6,VSS,GND,103.075,4.450,n/a,"SOFNG TF-001A-P3 drawing, vertical-view land pattern, P1-P8 at 0.80 mm pitch"
7,DAT0,SD_D0,103.875,4.450,n/a,"SOFNG TF-001A-P3 drawing, vertical-view land pattern, P1-P8 at 0.80 mm pitch"
8,DAT1,SD_DAT1,104.675,4.450,n/a,"SOFNG TF-001A-P3 drawing, vertical-view land pattern, P1-P8 at 0.80 mm pitch"
9,CARD_DETECT,SD_CARD_DETECT,104.085,14.900,low=fully inserted,SOFNG TF-001A-P3 normally-open CD-to-ground switch drawing
